Source,Target
拿钱买命,帆1990
zhongyangshitao,牧阳光
zhongyangshitao,帆1990
jxjaaaa,zzjzzpgg12
nbrex2005,帆1990
wbwb12345678,zzjzzpgg12
sunnyr321,牧阳光
sunnyr321,zzjzzpgg12
白妖娆,帆1990
不识好茶,huwenhuo
w13896134225,zzjzzpgg12
小水Vivian,天高云淡2010
敢做维权人,zzjzzpgg12
飘在YW,zzjzzpgg12
小沪甬,胖子就爱穿拖鞋
小沪甬,暗灵
小沪甬,zzjzzpgg12
小沪甬,明音萧萧
歌舞升平纸醉金迷,zzjzzpgg12
歌舞升平纸醉金迷,六朝烟水满金陵
歌舞升平纸醉金迷,290141191
姗姗眼镜,典子的JESUS
好吧我是黑黑,huwenhuo
gearhead,zzjzzpgg12
duanyilongxiang,huwenhuo
来了没有没有,huwenhuo
Cynthia9107,宁宁眉1984
dora_angel2002,xlykzpp
dora_angel2002,zzjzzpgg12
济南好人家,zzjzzpgg12
白水冰凉,牧阳光
明音萧萧,xlykzpp
明音萧萧,zzjzzpgg12
螺旋迷宫,huwenhuo
螺旋迷宫,踏雪寻梅MAY
暗灵,zzjzzpgg12
暗灵,疯狂洋葱头2004
geligaoer9527,牧阳光
蚂蚁87322950,zzjzzpgg12
fossil2918,牧阳光
lzw447690,六朝烟水满金陵
famah,zzjzzpgg12
踏雪寻梅MAY,紫色E0
踏雪寻梅MAY,huwenhuo
梅有忧伤,Qoo里的鱼
梅有忧伤,zzjzzpgg12
梅有忧伤,hunjer
mosky001,zzjzzpgg12
顶天立地一大蛆,huwenhuo
六朝烟水满金陵,唯一静哥
六朝烟水满金陵,吟诗惜红颜
六朝烟水满金陵,香湖人
马马米米,zzjzzpgg12
凡世间的红尘,huwenhuo
hairel,牧阳光
CICI碎碎,牧阳光
Pharmengine,zzjzzpgg12
dqlw2,zzjzzpgg12
起夏,zzjzzpgg12
myming1971,zzjzzpgg12
从哪里续杯,zzjzzpgg12
xinyun2046yy,帆1990
典子的JESUS,牧阳光
典子的JESUS,梦秋山
看帖一个月,zzjzzpgg12
六级放过我,牧阳光
libdtylt,zzjzzpgg12
武林正传之白展堂,huwenhuo
宁宁眉1984,提锤而来3
宁宁眉1984,jenny楚楚
宁宁眉1984,ning2150
宁宁眉1984,huwenhuo
我就是鸭,牧阳光
花落不言伤,zzjzzpgg12
saiki啊啊,zzjzzpgg12
aaa痛苦,zzjzzpgg12
aaa痛苦,灰衣公子
宁波懒狼,zzjzzpgg12
帆1990,Qoo里的鱼
帆1990,今天二十五度
帆1990,牧阳光
帆1990,big4you
chensw2009,牧阳光
kain123456,huwenhuo
loutoto19,zzjzzpgg12
是不是兄弟,huwenhuo
长征路上的假行僧,huwenhuo
wuyu1234562012,zzjzzpgg12
铁甲依然1992,huwenhuo
怨魂鬼,牧阳光
牧阳光,N次光头
牧阳光,无病要呻吟
牧阳光,哀不怒不
牧阳光,不改变就没明天
牧阳光,有蛀牙怎么办
梦秋山,Qoo里的鱼
坡顶的水塔,紫色E0
我是八戒不是猪,huwenhuo
情未鸟321,zzjzzpgg12
月影早霜,huwenhuo
naranja猫猫,zzjzzpgg12
zzjzzpgg12,天高云淡2010
zzjzzpgg12,相当低俗2012
zzjzzpgg12,TY的兄弟是太阳
zzjzzpgg12,进退得失之间
zzjzzpgg12,lawxy2012
zzjzzpgg12,好好看戏
zzjzzpgg12,舍亦
zzjzzpgg12,星宿侠
zzjzzpgg12,Geemint
zzjzzpgg12,呜呼哀哉v
zzjzzpgg12,叉将出去
zzjzzpgg12,挠霞客
zzjzzpgg12,看见贱人就骂
zzjzzpgg12,宗族群
hds830622,jenny楚楚
hds830622,huwenhuo
jenny楚楚,candy19901002
yycan81,candy19901002
丹馨雅儿,huwenhuo
雨中听雷12,huwenhuo
提锤而来3,紫色E0
幽谷蓝馨,huwenhuo
TY的兄弟是太阳,huwenhuo
进退得失之间,huwenhuo
韧我行2012,huwenhuo
韧我行2012,上官羽韵
huwenhuo,黑洞北京
huwenhuo,生存与毁灭2012
拿钱买命,帆1990
zhongyangshitao,牧阳光
zhongyangshitao,帆1990
jxjaaaa,zzjzzpgg12
nbrex2005,帆1990
wbwb12345678,zzjzzpgg12
sunnyr321,牧阳光
sunnyr321,zzjzzpgg12
白妖娆,帆1990
不识好茶,huwenhuo
w13896134225,zzjzzpgg12
小水Vivian,天高云淡2010
敢做维权人,zzjzzpgg12
飘在YW,zzjzzpgg12
小沪甬,胖子就爱穿拖鞋
小沪甬,暗灵
小沪甬,zzjzzpgg12
小沪甬,明音萧萧
歌舞升平纸醉金迷,zzjzzpgg12
歌舞升平纸醉金迷,六朝烟水满金陵
歌舞升平纸醉金迷,290141191
姗姗眼镜,典子的JESUS
好吧我是黑黑,huwenhuo
gearhead,zzjzzpgg12
duanyilongxiang,huwenhuo
来了没有没有,huwenhuo
Cynthia9107,宁宁眉1984
dora_angel2002,xlykzpp
dora_angel2002,zzjzzpgg12
济南好人家,zzjzzpgg12
白水冰凉,牧阳光
明音萧萧,xlykzpp
明音萧萧,zzjzzpgg12
螺旋迷宫,huwenhuo
螺旋迷宫,踏雪寻梅MAY
暗灵,zzjzzpgg12
暗灵,疯狂洋葱头2004
geligaoer9527,牧阳光
蚂蚁87322950,zzjzzpgg12
fossil2918,牧阳光
lzw447690,六朝烟水满金陵
famah,zzjzzpgg12
踏雪寻梅MAY,紫色E0
踏雪寻梅MAY,huwenhuo
梅有忧伤,Qoo里的鱼
梅有忧伤,zzjzzpgg12
梅有忧伤,hunjer
mosky001,zzjzzpgg12
顶天立地一大蛆,huwenhuo
六朝烟水满金陵,唯一静哥
六朝烟水满金陵,吟诗惜红颜
六朝烟水满金陵,香湖人
马马米米,zzjzzpgg12
凡世间的红尘,huwenhuo
hairel,牧阳光
CICI碎碎,牧阳光
Pharmengine,zzjzzpgg12
dqlw2,zzjzzpgg12
起夏,zzjzzpgg12
myming1971,zzjzzpgg12
从哪里续杯,zzjzzpgg12
xinyun2046yy,帆1990
典子的JESUS,牧阳光
典子的JESUS,梦秋山
看帖一个月,zzjzzpgg12
六级放过我,牧阳光
libdtylt,zzjzzpgg12
武林正传之白展堂,huwenhuo
宁宁眉1984,提锤而来3
宁宁眉1984,jenny楚楚
宁宁眉1984,ning2150
宁宁眉1984,huwenhuo
我就是鸭,牧阳光
花落不言伤,zzjzzpgg12
saiki啊啊,zzjzzpgg12
aaa痛苦,zzjzzpgg12
aaa痛苦,灰衣公子
宁波懒狼,zzjzzpgg12
帆1990,Qoo里的鱼
帆1990,今天二十五度
帆1990,牧阳光
帆1990,big4you
chensw2009,牧阳光
kain123456,huwenhuo
loutoto19,zzjzzpgg12
是不是兄弟,huwenhuo
长征路上的假行僧,huwenhuo
wuyu1234562012,zzjzzpgg12
铁甲依然1992,huwenhuo
怨魂鬼,牧阳光
牧阳光,N次光头
牧阳光,无病要呻吟
牧阳光,哀不怒不
牧阳光,不改变就没明天
牧阳光,有蛀牙怎么办
梦秋山,Qoo里的鱼
坡顶的水塔,紫色E0
我是八戒不是猪,huwenhuo
情未鸟321,zzjzzpgg12
月影早霜,huwenhuo
naranja猫猫,zzjzzpgg12
zzjzzpgg12,天高云淡2010
zzjzzpgg12,相当低俗2012
zzjzzpgg12,TY的兄弟是太阳
zzjzzpgg12,进退得失之间
zzjzzpgg12,lawxy2012
zzjzzpgg12,好好看戏
zzjzzpgg12,舍亦
zzjzzpgg12,星宿侠
zzjzzpgg12,Geemint
zzjzzpgg12,呜呼哀哉v
zzjzzpgg12,叉将出去
zzjzzpgg12,挠霞客
zzjzzpgg12,看见贱人就骂
zzjzzpgg12,宗族群
hds830622,jenny楚楚
hds830622,huwenhuo
jenny楚楚,candy19901002
yycan81,candy19901002
丹馨雅儿,huwenhuo
雨中听雷12,huwenhuo
提锤而来3,紫色E0
幽谷蓝馨,huwenhuo
TY的兄弟是太阳,huwenhuo
进退得失之间,huwenhuo
韧我行2012,huwenhuo
韧我行2012,上官羽韵
huwenhuo,黑洞北京
huwenhuo,生存与毁灭2012
